Episodes,Max Timesteps,EH_False,EHF_number_failures,EHF_number_successes,EHF_avg_path_length,EHF_avg_reward,EHF_avg_EH,EH_True,EHT_number_failures,EHT_number_successes,EHT_avg_path_length,EHT_avg_reward,EHT_avg_EH
5000,200,False,0,10,16.8,998.5199999999999,50.70277777777777,True,0,10,18.8,506.92527777777775,113.34999999999998
5000,400,False,0,10,16.0,998.6,43.15833333333332,True,0,10,18.4,507.31333333333333,121.5972222222222
10000,200,False,0,10,15.8,998.6200000000001,62.883333333333326,True,0,10,17.8,505.235,89.64999999999999
10000,400,False,0,10,15.8,998.6200000000001,48.216666666666654,True,0,10,17.2,504.6441666666666,81.96388888888887
20000,200,False,0,10,16.4,998.5600000000001,36.266666666666666,True,0,10,15.8,505.6752777777777,92.5722222222222
20000,400,False,0,10,15.8,998.6200000000001,60.91944444444444,True,0,10,16.4,504.90361111111105,81.05277777777778
