Episodes,Max Timesteps,EH_False,EHF_number_failures,EHF_number_successes,EHF_avg_path_length,EHF_avg_reward,EHF_avg_EH,EH_True,EHT_number_failures,EHT_number_successes,EHT_avg_path_length,EHT_avg_reward,EHT_avg_EH
500,50,False,0,10,3.1,99.78999999999999,4.333333333333334,True,0,10,3.1,50.618611111111115,4.866666666666667
500,100,False,0,10,2.9,99.80999999999999,2.2833333333333328,True,0,10,3.1,50.50472222222222,4.233333333333333
1000,50,False,0,10,3.3,99.77,5.2666666666666675,True,0,10,3.3,50.62666666666667,4.950000000000001
1000,100,False,0,10,2.9,99.80999999999999,3.1999999999999997,True,0,10,3.3,50.482222222222234,3.6555555555555563
2000,50,False,0,10,2.9,99.80999999999999,3.5166666666666666,True,0,10,2.9,50.478611111111114,3.5166666666666666
2000,100,False,0,10,2.9,99.80999999999999,2.4999999999999996,True,0,10,3.1,50.48666666666667,3.6000000000000005
