reward_EH,reward_EH_power,EH_False,EHF_number_failures,EHF_number_successes,EHF_avg_path_length,EHF_avg_reward,EHF_avg_EH,EH_True,EHT_number_failures,EHT_number_successes,EHT_avg_path_length,EHT_avg_reward,EHT_avg_EH
2,2,False,0,10,6.6,99.43999999165536,18.247222154587508,True,0,10,10.9,54.154999955324456,96.06110645085573
5,2,False,0,10,6.6,99.43999999165536,25.366666235029697,True,8,2,1.3,10.389444452803582,5.333333492279053
10,2,False,0,10,6.6,99.43999999165536,26.82777732759714,True,5,5,3.9,27.063333304366097,30.652775958180428
