Episodes,Max Timesteps,EH_False,EHF_number_failures,EHF_number_successes,EHF_avg_path_length,EHF_avg_reward,EHF_avg_EH,EH_True,EHT_number_failures,EHT_number_successes,EHT_avg_path_length,EHT_avg_reward,EHT_avg_EH
1000,100,False,0,10,6.0,999.6,8.405555555555557,True,1,9,5.3,450.45694444444445,4.4833333333333325
1000,200,False,0,10,5.8,999.6200000000001,3.883333333333333,True,0,10,6.0,501.0180555555556,8.133333333333336
2000,100,False,0,10,5.6,999.64,3.1833333333333327,True,0,10,5.6,500.7394444444444,5.6611111111111105
2000,200,False,0,10,5.6,999.64,5.477777777777777,True,0,10,5.8,501.0155555555556,9.633333333333336
3000,100,False,0,10,5.6,999.64,4.661111111111111,True,0,10,5.6,500.8394444444445,6.394444444444446
3000,200,False,0,10,5.8,999.6199999999999,6.45,True,0,10,5.6,501.10888888888894,8.461111111111112
