Episodes,Max Timesteps,EH_False,EHF_number_failures,EHF_number_successes,EHF_avg_path_length,EHF_avg_reward,EHF_avg_EH,EH_True,EHT_number_failures,EHT_number_successes,EHT_avg_path_length,EHT_avg_reward,EHT_avg_EH
1000,100,False,0,10,7.0,99.4,14.044444444444443,True,0,10,9.0,52.89166666666667,43.730555555555554
1000,200,False,0,10,6.6,99.44000000000001,12.941666666666666,True,0,10,8.6,53.02833333333333,43.01388888888889
5000,100,False,0,10,6.8,99.42,16.244444444444447,True,0,10,8.6,53.02833333333333,43.01388888888889
5000,200,False,0,10,6.8,99.42,9.063888888888888,True,0,10,7.2,51.998333333333335,27.602777777777778
10000,100,False,0,10,6.8,99.42,10.125,True,0,10,8.0,51.970833333333324,26.838888888888892
10000,200,False,0,10,7.6,99.34,11.852777777777778,True,0,10,8.0,51.970833333333324,26.838888888888892
