Episodes,Max Timesteps,EH_False,EHF_number_failures,EHF_number_successes,EHF_avg_path_length,EHF_avg_reward,EHF_avg_EH,EH_True,EHT_number_failures,EHT_number_successes,EHT_avg_path_length,EHT_avg_reward,EHT_avg_EH
5000,100,False,0,10,16.5,998.36,42.71111111111111,True,0,10,16.2,503.8677777777778,70.93888888888887
5000,200,False,0,10,16.6,998.54,58.00277777777776,True,0,10,16.4,505.6327777777777,95.0361111111111
10000,100,False,0,10,15.8,998.6200000000001,56.141666666666666,True,0,10,16.2,504.0469444444444,70.85555555555555
10000,200,False,0,10,15.8,998.6200000000001,45.9861111111111,True,0,10,15.8,505.21833333333325,85.23055555555555
15000,100,False,0,10,15.8,998.6200000000001,62.044444444444444,True,0,10,15.8,504.258611111111,74.86111111111111
15000,200,False,0,10,15.8,998.6200000000001,38.5611111111111,True,0,10,15.8,503.70583333333326,66.425
