Episodes,Max Timesteps,EH_False,EHF_number_failures,EHF_number_successes,EHF_avg_path_length,EHF_avg_reward,EHF_avg_EH,EH_True,EHT_number_failures,EHT_number_successes,EHT_avg_path_length,EHT_avg_reward,EHT_avg_EH
1000,100,False,0,50,6.28,99.47200000000004,4.335555555555557,True,0,50,7.52,50.82899999999999,13.35777777777778
1000,200,False,0,50,6.56,99.44400000000003,8.249999999999998,True,0,50,6.64,50.521888888888896,9.03555555555555
5000,100,False,0,50,6.36,99.46400000000003,5.600000000000001,True,0,50,6.36,50.44672222222223,8.08222222222222
5000,200,False,0,50,6.28,99.47200000000004,4.51,True,0,50,6.48,50.47155555555557,8.408888888888885
10000,100,False,0,50,6.24,99.47600000000004,4.033333333333333,True,0,50,6.24,50.45133333333334,8.077777777777776
10000,200,False,0,50,6.24,99.47600000000004,7.60111111111111,True,0,50,6.24,50.45133333333334,8.077777777777776
