Episodes,Max Timesteps,EH_False,EHF_number_failures,EHF_number_successes,EHF_avg_path_length,EHF_avg_reward,EHF_avg_EH,EH_True,EHT_number_failures,EHT_number_successes,EHT_avg_path_length,EHT_avg_reward,EHT_avg_EH
5000,100,False,0,50,14.88,998.6139999999999,58.337222222222216,True,0,50,15.56,503.6899444444445,75.37388888888887
5000,200,False,0,50,14.74,998.5899999999998,24.690555555555548,True,0,50,14.9,504.0255555555554,72.42944444444443
10000,100,False,0,50,14.34,998.7660000000001,41.319444444444436,True,0,50,14.38,504.2365555555555,72.08500000000002
10000,200,False,0,50,14.54,998.7459999999999,26.121111111111112,True,0,50,14.48,503.64533333333355,62.609444444444414
15000,100,False,0,50,14.34,998.7660000000001,31.168333333333337,True,0,50,14.34,503.7593888888889,64.33888888888889
15000,200,False,0,50,14.34,998.7660000000001,47.71611111111111,True,0,50,14.34,503.49438888888886,58.836111111111116
