Episodes,Max Timesteps,EH_False,EHF_number_failures,EHF_number_successes,EHF_avg_path_length,EHF_avg_reward,EHF_avg_EH,EH_True,EHT_number_failures,EHT_number_successes,EHT_avg_path_length,EHT_avg_reward,EHT_avg_EH
5000,100,False,0,50,14.68,997.3680000000003,19.400000000000002,True,0,50,14.68,501.2173333333333,36.66666666666667
5000,200,False,0,50,14.58,997.4840000000004,27.33666666666667,True,0,50,14.56,501.281,37.3
10000,100,False,0,50,14.44,997.4760000000003,15.193333333333335,True,0,50,14.5,500.99166666666645,32.526666666666664
10000,200,False,0,50,14.34,997.5320000000003,20.8,True,0,50,14.4,501.01533333333316,32.31
15000,100,False,0,50,14.34,997.5320000000003,11.64,True,0,50,14.34,501.13266666666647,33.46000000000001
15000,200,False,0,50,14.34,997.5320000000003,31.61333333333334,True,0,50,14.34,501.13266666666664,33.46333333333334
