Episodes,Max Timesteps,EH_False,EHF_number_failures,EHF_number_successes,EHF_avg_path_length,EHF_avg_reward,EHF_avg_EH,EH_True,EHT_number_failures,EHT_number_successes,EHT_avg_path_length,EHT_avg_reward,EHT_avg_EH
1000,100,False,0,50,6.24,99.47600000000004,12.319444444444443,True,0,50,7.68,52.441277777777785,35.53222222222222
1000,200,False,0,50,6.76,99.42400000000004,9.828888888888887,True,0,50,7.36,51.94533333333333,30.56055555555556
5000,100,False,0,50,6.24,99.47600000000004,11.758888888888889,True,0,50,6.28,51.338222222222214,18.822777777777777
5000,200,False,0,50,6.24,99.47600000000004,11.838888888888887,True,0,50,6.44,51.459388888888896,20.41444444444445
10000,100,False,0,50,6.24,99.47600000000004,12.772222222222219,True,0,50,6.24,51.32105555555556,18.702222222222222
10000,200,False,0,50,6.24,99.47600000000004,12.448888888888892,True,0,50,6.24,51.29855555555555,18.40111111111111
