Episodes,Max Timesteps,EH_False,EHF_number_failures,EHF_number_successes,EHF_avg_path_length,EHF_avg_reward,EHF_avg_EH,EH_True,EHT_number_failures,EHT_number_successes,EHT_avg_path_length,EHT_avg_reward,EHT_avg_EH
1000,100,False,0,20,7.1,99.39,10.70277777777778,True,0,20,7.5,52.174305555555556,32.33472222222222
1000,200,False,0,20,6.7,99.42999999999999,18.883333333333333,True,0,20,8.3,52.996805555555554,42.83611111111111
5000,100,False,0,20,6.5,99.45,13.179166666666664,True,0,20,6.6,51.62416666666665,22.809722222222224
5000,200,False,0,20,6.5,99.45,11.74861111111111,True,0,20,7.0,51.89861111111111,26.133333333333333
10000,100,False,0,20,6.5,99.45,12.880555555555555,True,0,20,6.5,51.604166666666664,22.51666666666667
10000,200,False,0,20,6.5,99.45,9.945833333333335,True,0,20,6.5,51.63263888888888,22.81388888888889
