Episodes,Max Timesteps,EH_False,EHF_number_failures,EHF_number_successes,EHF_avg_path_length,EHF_avg_reward,EHF_avg_EH,EH_True,EHT_number_failures,EHT_number_successes,EHT_avg_path_length,EHT_avg_reward,EHT_avg_EH
5000,100,False,0,20,14.95,997.4100000000002,13.283333333333331,True,0,20,15.15,501.17249999999996,36.18333333333332
5000,200,False,0,20,15.05,997.3900000000001,19.574999999999996,True,0,20,15.15,501.11416666666673,36.041666666666664
10000,100,False,0,20,14.85,997.4300000000001,30.525,True,0,20,14.85,501.44416666666666,38.80833333333333
10000,200,False,0,20,14.85,997.4300000000001,19.483333333333327,True,0,20,14.85,501.13583333333344,34.5
15000,100,False,0,20,14.95,997.4100000000002,27.458333333333336,True,0,20,14.85,501.36500000000007,37.483333333333334
15000,200,False,0,20,14.95,997.4100000000002,16.05833333333333,True,0,20,14.85,501.465,39.025
