Episodes,Max Timesteps,EH_False,EHF_number_failures,EHF_number_successes,EHF_avg_path_length,EHF_avg_reward,EHF_avg_EH,EH_True,EHT_number_failures,EHT_number_successes,EHT_avg_path_length,EHT_avg_reward,EHT_avg_EH
1000,100,False,0,20,7.5,99.35,6.716666666666666,True,0,20,7.9,50.97027777777778,15.24166666666666
1000,200,False,0,20,6.7,99.42999999999999,7.474999999999999,True,0,20,6.8,50.21902777777778,5.341666666666666
5000,100,False,0,20,6.6,99.44000000000001,2.916666666666668,True,0,20,6.6,50.52972222222222,9.158333333333335
5000,200,False,0,20,6.7,99.43,4.005555555555555,True,0,20,6.5,50.511111111111106,8.969444444444443
10000,100,False,0,20,6.5,99.45,3.4722222222222228,True,0,20,6.5,50.52291666666666,9.063888888888888
10000,200,False,0,20,6.6,99.44,5.8472222222222205,True,0,20,6.5,50.52291666666666,9.063888888888888
