Episodes,Max Timesteps,EH_False,EHF_number_failures,EHF_number_successes,EHF_avg_path_length,EHF_avg_reward,EHF_avg_EH,EH_True,EHT_number_failures,EHT_number_successes,EHT_avg_path_length,EHT_avg_reward,EHT_avg_EH
1000,100,False,0,10,7.0,99.4,11.027777777777779,True,0,10,8.6,53.02833333333333,43.01388888888889
1000,200,False,0,10,8.2,99.28,18.891666666666666,True,0,10,8.0,52.31944444444444,34.602777777777774
5000,100,False,0,10,6.6,99.44000000000001,10.100000000000001,True,0,10,6.6,51.48111111111111,19.930555555555557
5000,200,False,0,10,7.0,99.4,9.941666666666666,True,0,10,7.0,51.64583333333333,22.211111111111112
10000,100,False,0,10,6.6,99.44000000000001,10.0,True,0,10,6.6,51.48111111111111,19.930555555555557
10000,200,False,0,10,6.6,99.44000000000001,9.511111111111111,True,0,10,6.6,51.48111111111111,19.930555555555557
