Episodes,Max Timesteps,EH_False,EHF_number_failures,EHF_number_successes,EHF_avg_path_length,EHF_avg_reward,EHF_avg_EH,EH_True,EHT_number_failures,EHT_number_successes,EHT_avg_path_length,EHT_avg_reward,EHT_avg_EH
5000,100,False,0,20,15.05,998.6949999999999,53.944444444444436,True,0,20,15.35,504.83180555555543,79.05000000000001
5000,200,False,0,20,15.05,998.6949999999999,26.00555555555556,True,0,20,15.25,504.55138888888877,75.59583333333333
10000,100,False,0,20,14.95,998.7049999999999,28.49861111111111,True,0,20,14.85,504.3394444444443,74.95
10000,200,False,0,20,14.85,998.7149999999999,34.58888888888888,True,0,20,14.85,504.16652777777773,72.84861111111111
15000,100,False,0,20,14.95,998.7049999999999,49.768055555555556,True,0,20,14.85,504.61930555555557,77.71111111111111
15000,200,False,0,20,14.85,998.7149999999999,51.97638888888888,True,0,20,14.85,504.62555555555565,78.22499999999998
