Episodes,Max Timesteps,EH_False,EHF_number_failures,EHF_number_successes,EHF_avg_path_length,EHF_avg_reward,EHF_avg_EH,EH_True,EHT_number_failures,EHT_number_successes,EHT_avg_path_length,EHT_avg_reward,EHT_avg_EH
1000,100,False,0,10,6.8,99.42,5.477777777777779,True,0,10,8.0,50.76388888888889,12.816666666666663
1000,200,False,0,10,7.2,99.38000000000001,3.294444444444445,True,0,10,7.2,50.32194444444445,6.93333333333333
5000,100,False,0,10,6.6,99.44000000000001,4.03888888888889,True,0,10,6.6,50.35472222222222,7.061111111111108
5000,200,False,0,10,6.6,99.44000000000001,4.105555555555556,True,0,10,6.6,50.35472222222222,7.061111111111108
10000,100,False,0,10,6.6,99.44000000000001,4.961111111111111,True,0,10,6.6,50.35472222222222,7.061111111111108
10000,200,False,0,10,6.6,99.44000000000001,3.8722222222222227,True,0,10,6.6,50.35472222222222,7.061111111111108
