Episodes,Max Timesteps,EH_False,EHF_number_failures,EHF_number_successes,EHF_avg_path_length,EHF_avg_reward,EHF_avg_EH,EH_True,EHT_number_failures,EHT_number_successes,EHT_avg_path_length,EHT_avg_reward,EHT_avg_EH
5000,100,False,0,10,15.8,997.2400000000001,14.63333333333333,True,0,10,16.0,501.64166666666677,46.5
5000,200,False,0,10,15.8,997.2400000000001,35.5,True,0,10,16.2,501.3716666666667,41.4
10000,100,False,0,10,15.8,997.2400000000001,12.866666666666665,True,0,10,15.8,500.8783333333333,34.0
10000,200,False,0,10,15.8,997.2400000000001,19.55,True,0,10,15.8,501.19500000000005,38.03333333333333
15000,100,False,0,10,15.8,997.2400000000001,26.6,True,0,10,15.8,501.2283333333333,38.33333333333333
15000,200,False,0,10,15.8,997.2400000000001,23.08333333333333,True,0,10,15.8,501.10333333333335,37.56666666666666
